Clase/Métrica,precision,recall,f1-score,support
0,0.8926302220778694,0.879455,0.8859936330116258,200000.0
1,0.8812083645393984,0.894215,0.8876640393893069,200000.0
accuracy,0.886835,0.886835,0.886835,0.886835
macro avg,0.8869192933086338,0.886835,0.8868288362004664,400000.0
weighted avg,0.886919293308634,0.886835,0.8868288362004664,400000.0
