Clase/Métrica,precision,recall,f1-score,support
0,0.8483118610591869,0.841835,0.8450610204455509,200000.0
1,0.8430334396879823,0.84947,0.8462394807821143,200000.0
accuracy,0.8456525,0.8456525,0.8456525,0.8456525
macro avg,0.8456726503735845,0.8456524999999999,0.8456502506138326,400000.0
weighted avg,0.8456726503735846,0.8456525,0.8456502506138326,400000.0
