Clase/Métrica,precision,recall,f1-score,support
0,0.8776082248388141,0.88136,0.8794801112621771,200000.0
1,0.8808506364709131,0.877085,0.8789637850906312,200000.0
accuracy,0.8792225,0.8792225,0.8792225,0.8792225
macro avg,0.8792294306548636,0.8792225,0.8792219481764041,400000.0
weighted avg,0.8792294306548636,0.8792225,0.8792219481764041,400000.0
