Clase/Métrica,precision,recall,f1-score,support
0,0.8224216392604752,0.83674,0.8295190367847884,200000.0
1,0.8338472811650841,0.81933,0.8265248992479535,200000.0
accuracy,0.828035,0.828035,0.828035,0.828035
macro avg,0.8281344602127796,0.8280350000000001,0.828021968016371,400000.0
weighted avg,0.8281344602127797,0.828035,0.828021968016371,400000.0
